<?xml version='1.0' encoding='UTF-8' standalone='yes' ?>
<PROJECT IID="1" BUILDPATH="C:/Users/jairi/AppData/Local/Temp/VSM Studio/f217917c2cf14d188ee1dab4f29fbfd9/RPI3_1" VERSION="830" TYPE="SOURCE" NAME="RPI3_1" CONFIGURATION="Debug">
 <FILES ATTACH="1">
  <FILE ATTACH="1" GROUP="Source Files" NAME="RPI3_1/main.py"/>
  <FILE ATTACH="1" GROUP="Resource Files" NAME="RPI3_1/showlog.py"/>
  <FILE ATTACH="1" GROUP="Resource Files" NAME="RPI3_1/transport.js"/>
  <FILE ATTACH="1" GROUP="Resource Files" NAME="RPI3_1/spiderman-17-853x1024.png"/>
  <FILE ATTACH="1" GROUP="Resource Files" NAME="RPI3_1/panel.htm"/>
  <FILE ATTACH="1" GROUP="Resource Files" NAME="RPI3_1/panel.js"/>
  <FILE ATTACH="1" GROUP="Resource Files" NAME="RPI3_1/jquery.js"/>
  <FILE ATTACH="1" GROUP="Resource Files" NAME="RPI3_1/favicon.png"/>
  <FILE ATTACH="1" GROUP="Resource Files" NAME="RPI3_1/controls.js"/>
  <FILE ATTACH="1" GROUP="Resource Files" NAME="RPI3_1/panel.svg"/>
  <FILE ATTACH="1" GROUP="Firmware Files" NAME="RPI3_1/Debug/Debug.pyz" FIRMWARE="1"/>
 </FILES>
 <CONFIGURATION CRC="e4557f296c87ed5fe70d88babe57a0bf" TARGET="Debug" COMPILER="Visual Designer for Raspberry Pi" NAME="Debug">
  <CONTROLLER FAMILY="Raspberry Pi" TYPE="RPI3"/>
  <FILE TOOL="MKPYTHON" NAME="RPI3_1/Debug/Debug.pyz">
   <FILE NAME="RPI3_1/main.py"/>
  </FILE>
 </CONFIGURATION>
 <CONFIGURATION CRC="e4557f296c87ed5fe70d88babe57a0bf" TARGET="Release" COMPILER="Visual Designer for Raspberry Pi" NAME="Release">
  <CONTROLLER FAMILY="Raspberry Pi" TYPE="RPI3"/>
  <FILE TOOL="MKPYTHON">
   <FILE NAME="RPI3_1/main.py"/>
  </FILE>
 </CONFIGURATION>
 <BAGGAGE>
  <VARIABLES>
   <VARIABLE TYPE="STRING" ID="{f920faaf-3660-4adb-be94-122b049271f0}" NAME="image"/>
  </VARIABLES>
  <SETTINGS PAGEHEIGHT="130" PAGEMARGIN="8" PAGEWIDTH="180"/>
 </BAGGAGE>
 <HARDWARE CONTROLLER="RPI3">
  <PERIPHERAL DESC="Raspberry Pi" VALID="1" ENABLED="1" BUILTIN="1" TYPE="CPU" ID="{d121b20f-a763-4e44-b97b-514b3a0bf885}" NAME="cpu" FILE="Raspberry Pi 3" EID="00000001" OPTIONAL="1">
   <INTERFACE EXTERNAL="cpu" OBJECT="CPU"/>
   <DRIVER HEADER="cpu">
    <ENUMERATION NAME="PINMODE">
     <CONSTANT NAME="INPUT" VALUE="cpu.INPUT"/>
     <CONSTANT NAME="OUTPUT" VALUE="cpu.OUTPUT"/>
    </ENUMERATION>
    <ENUMERATION NAME="PULLUP">
     <CONSTANT NAME="OFF" VALUE="cpu.PUD_OFF"/>
     <CONSTANT NAME="DOWN" VALUE="cpu.PUD_DOWN"/>
     <CONSTANT NAME="UP" VALUE="cpu.PUD_UP"/>
    </ENUMERATION>
    <ENUMERATION NAME="INTID">
     <CONSTANT NAME="INT0" VALUE="0"/>
     <CONSTANT NAME="INT1" VALUE="1"/>
    </ENUMERATION>
    <ENUMERATION NAME="INTMODE">
     <CONSTANT NAME="LOW" VALUE="cpu.LOW"/>
     <CONSTANT NAME="CHANGE" VALUE="cpu.CHANGE"/>
     <CONSTANT NAME="FALLING" VALUE="cpu.FALLING"/>
     <CONSTANT NAME="RISING" VALUE="cpu.RISING"/>
    </ENUMERATION>
    <METHOD DESC="Set pin to input or output" NAME="pinMode">
     <PARAMETER DESC="Raspberry Pi digital I/O number" TYPE="INTEGER" NAME="pin"/>
     <PARAMETER DESC="Input or output mode" TYPE="PINMODE" NAME="mode"/>
    </METHOD>
    <METHOD DESC="Set pin pwm frequency" NAME="pwmMode">
     <PARAMETER DESC="Raspberry Pi digital I/O number" TYPE="INTEGER" NAME="pin"/>
     <PARAMETER DESC="Frequency of signal" TYPE="INTEGER" NAME="frequency"/>
    </METHOD>
    <METHOD DESC="Set pin pullup to off, up or down" NAME="pullUpDnControl">
     <PARAMETER DESC="Raspberry Pi digital I/O number" TYPE="INTEGER" NAME="pin"/>
     <PARAMETER DESC="Off, up or down mode" TYPE="PULLUP" NAME="mode"/>
    </METHOD>
    <METHOD DESC="Set state of digital output pin" NAME="digitalWrite">
     <PARAMETER DESC="Raspberry Pi digital I/O number" TYPE="INTEGER" NAME="pin"/>
     <PARAMETER DESC="Pin state" TYPE="BOOLEAN" NAME="state"/>
    </METHOD>
    <METHOD DESC="Read state of digital pin" NAME="digitalRead">
     <PARAMETER DESC="Raspberry Pi digital I/O number" TYPE="INTEGER" NAME="pin"/>
     <RETURN DESC="Pin state" DEFAULT="state" TYPE="BOOLEAN" NAME="state"/>
    </METHOD>
    <METHOD DESC="Set state of pwm output pin" NAME="pwmWrite">
     <PARAMETER DESC="Raspberry Pi I/O number" TYPE="INTEGER" NAME="pin"/>
     <PARAMETER DESC="Percentage on" TYPE="INTEGER" NAME="percentage"/>
    </METHOD>
    <METHOD DESC="Play a sound file from resorces" NAME="playSound">
     <PARAMETER DESC="The name of the file" DEFAULT="" TYPE="FileName"/>
    </METHOD>
    <METHOD DESC="Execute system command" NAME="sys">
     <PARAMETER DESC="Command and arguments list" DEFAULT="" TYPE="LIST"/>
    </METHOD>
    <METHOD DESC="Read number of milliseconds since last reset" NAME="millis">
     <RETURN DESC="Millseconds" DEFAULT="millis" TYPE="INTEGER" NAME="milliSeconds"/>
    </METHOD>
    <METHOD DESC="Write information to the simulation log" NAME="debug">
     <PARAMETER DESC="List of strings or numbers to write" DEFAULT="" TYPE="LIST"/>
    </METHOD>
   </DRIVER>
  </PERIPHERAL>
  <PERIPHERAL DESC="File Storage" VALID="1" ENABLED="1" BUILTIN="1" TYPE="STORAGE" ID="{1377ef29-0410-4810-8071-d21f89466ddd}" NAME="storage" FILE="Raspberry Pi 3" EID="00000001" OPTIONAL="1">
   <INTERFACE EXTERNAL="FS" OBJECT="FileStore">
    <SETUP NAME="begin"/>
    <STORAGE ELEMENT="U1" UID="00000001" NAME="MANIFEST" EID="00000001" VALUE="C:/Users/jairi/AppData/Local/Temp/VSM Studio/f217917c2cf14d188ee1dab4f29fbfd9/RPI3_1/Debug/RESOURCE.DAT"/>
   </INTERFACE>
   <DRIVER HEADER="FileStore">
    <ENUMERATION NAME="MODE">
     <CONSTANT NAME="READ" VALUE="'r'"/>
     <CONSTANT NAME="WRITE" VALUE="'w'"/>
     <CONSTANT NAME="APPEND" VALUE="'a'"/>
    </ENUMERATION>
    <FUNCTION DESC="Return true if a file exists">
     <PARAMETER DESC="Path to file" TYPE="STRING" NAME="name"/>
     <RETURN TYPE="BOOLEAN"/>
    </FUNCTION>
    <METHOD DESC="Open a file" NAME="open">
     <PARAMETER DESC="Path to file" TYPE="STRING" NAME="name"/>
     <PARAMETER DESC="Path to file" DEFAULT="READ" TYPE="MODE" NAME="mode"/>
     <RETURN DEFAULT="file" TYPE="HANDLE" NAME="file"/>
    </METHOD>
    <METHOD DESC="Close a file" NAME="close">
     <PARAMETER DESC="File handle" TYPE="HANDLE" NAME="file"/>
    </METHOD>
    <METHOD DESC="Delete a file" NAME="remove">
     <PARAMETER DESC="Path to file" TYPE="STRING" NAME="name"/>
    </METHOD>
    <METHOD DESC="Change current directory" NAME="chdir">
     <PARAMETER DESC="New current directory" DEFAULT="&quot;/vsm&quot;" TYPE="STRING" NAME="name"/>
    </METHOD>
    <METHOD DESC="Create a new directory" NAME="mkdir">
     <PARAMETER DESC="Name of new directory" TYPE="STRING" NAME="name"/>
    </METHOD>
    <METHOD DESC="Remove a directory" NAME="rmdir">
     <PARAMETER DESC="Name of directory to remove" TYPE="STRING" NAME="name"/>
    </METHOD>
    <METHOD DESC="Flush data in file" NAME="flush">
     <PARAMETER DESC="File handle" TYPE="HANDLE" NAME="file"/>
    </METHOD>
    <METHOD DESC="Read delimited data" NAME="read">
     <PARAMETER DESC="File handle" TYPE="HANDLE" NAME="file"/>
     <PARAMETER DESC="List of variables to read." BYREF="1" TYPE="LIST"/>
    </METHOD>
    <METHOD DESC="Read a line from the file." NAME="readln">
     <PARAMETER DESC="File handle" TYPE="HANDLE" NAME="file"/>
     <RETURN DESC="String to contain the line." DEFAULT="Line" TYPE="STRING" NAME="line"/>
    </METHOD>
    <METHOD DESC="Write comma delimited data" NAME="write">
     <PARAMETER DESC="File handle" TYPE="HANDLE" NAME="file"/>
     <PARAMETER DESC="List of strings or numbers to write" DEFAULT="" TYPE="LIST"/>
    </METHOD>
    <METHOD DESC="Write comma delimited data with terminating newline." NAME="writeln">
     <PARAMETER DESC="File handle" TYPE="HANDLE" NAME="file"/>
     <PARAMETER DESC="List of strings or numbers to write" DEFAULT="" TYPE="LIST"/>
    </METHOD>
    <METHOD DESC="Print data without newline." NAME="print">
     <PARAMETER DESC="File handle" TYPE="HANDLE" NAME="file"/>
     <PARAMETER DESC="List of strings or numbers to print" DEFAULT="" TYPE="LIST"/>
    </METHOD>
    <METHOD DESC="Print data with terminating newline." NAME="println">
     <PARAMETER DESC="File handle" TYPE="HANDLE" NAME="file"/>
     <PARAMETER DESC="List of strings or numbers to print" DEFAULT="" TYPE="LIST"/>
    </METHOD>
   </DRIVER>
  </PERIPHERAL>
  <PERIPHERAL DESC="VFP Server" VALID="1" ENABLED="1" BUILTIN="1" TYPE="SERVER" ID="{17b4fdc6-91fa-4818-9306-2f2618e7faeb}" NAME="server" FILE="Raspberry Pi 3" EID="00000001" OPTIONAL="1">
   <INTERFACE EXTERNAL="VFP" OBJECT="VfpServer">
    <SETUP NAME="begin">
     <PROPERTY ELEMENT="U1" TYPE="INTEGER" UID="00000001" NAME="PORT" EID="00000001"/>
    </SETUP>
    <LOOP NAME="poll"/>
    <SERVER ELEMENT="U1" TYPE="VFP" UID="00000001" TRANSPORT="ETHERNET"/>
   </INTERFACE>
   <DRIVER HEADER="VFP">
    <REQUIRE HEADER="Controls"/>
    <REQUIRE HEADER="server"/>
    <REQUIRE HEADER="zeroconf"/>
    <RESOURCE FILE="Vfp/showlog.py"/>
    <!-- Authorisation addition interrupts -->
    <INTERRUPT DESC="Page Reload" HOOK="attachReloadHandler" NAME="reload"/>
    <INTERRUPT DESC="Login Event" HOOK="attachLoginHandler" NAME="login"/>
    <INTERRUPT DESC="Logout Event" HOOK="attachLogoutHandler" NAME="logout"/>
    <INTERRUPT DESC="Control Event" HOOK="attachRequestHandler" NAME="request"/>
    <METHOD DESC="Set the document title" NAME="setTitle">
     <PARAMETER TYPE="STRING" NAME="title"/>
    </METHOD>
    <FUNCTION DESC="Return true if an event is pending for a particular object">
     <PARAMETER TYPE="STRING" NAME="object"/>
     <RETURN TYPE="BOOLEAN"/>
    </FUNCTION>
    <!--                  
         <METHOD NAME="set" DESC="Set the state of a virtual control">
            <PARAMETER NAME="object" TYPE="STRING" />
            <PARAMETER NAME="key" TYPE="STRING" />
            <PARAMETER NAME="LIST" TYPE="VARIANT" DESC="Property values"/>
         </METHOD>
         
         <METHOD NAME="call" DESC="Call a method of a virtual control">
            <PARAMETER NAME="object" TYPE="STRING" />
            <PARAMETER NAME="method" TYPE="STRING" />
            <PARAMETER TYPE="LIST" DESC="List of arguments."/>
         </METHOD>
         -->
    <!-- Will be called automatically by LOOP construct -->
    <METHOD DESC="Wait a specified number of milliseconds and poll for requests" NAME="waitForRequests">
     <PARAMETER DESC="Delay in milliseconds" DEFAULT="1000" TYPE="INTEGER" NAME="timeout"/>
    </METHOD>
    <!-- Needs to be called if the application will use time values -->
    <METHOD DESC="Wait until the linux side has obtained the time from the internet." NAME="waitForTimeServer"/>
    <!-- Write to the debug console -->
    <METHOD DESC="Write information to the remote debugging (telnet) console." NAME="debug">
     <PARAMETER DESC="Items to output." TYPE="LIST"/>
    </METHOD>
    <RESOURCE FILE="Vfp/transport.js"/>
    <RESOURCE DESC="Html Files" TYPE="htm"/>
    <RESOURCE DESC="Panel Files" TYPE="svg"/>
    <RESOURCE DESC="Bitmap Files" TYPE="png"/>
    <RESOURCE DESC="Javascript Files" TYPE="js"/>
   </DRIVER>
  </PERIPHERAL>
  <PERIPHERAL DESC="Timer" VALID="1" ENABLED="0" BUILTIN="1" TYPE="TIMER" ID="{b47a5897-f55b-4445-99a7-0f4f7e883610}" NAME="timer" FILE="Raspberry Pi 3" EID="00000001" OPTIONAL="1">
   <INTERFACE EXTERNAL="timer" OBJECT="Timer">
    <LOOP NAME="poll"/>
   </INTERFACE>
   <DRIVER HEADER="timer">
    <METHOD DESC="Initialize the timer with a specified period" NAME="initialize">
     <PARAMETER DESC="Period in milliseconds" DEFAULT="1000" TYPE="INTEGER" NAME="period"/>
    </METHOD>
    <METHOD DESC="Set a new period in milliseconds" NAME="setPeriod">
     <PARAMETER DESC="Period in milliseconds" TYPE="INTEGER" NAME="period"/>
    </METHOD>
    <METHOD DESC="Start the timer" NAME="start"/>
    <METHOD DESC="Stop the timer" NAME="stop"/>
    <METHOD DESC="Restart the timer at count of zero" NAME="restart"/>
    <METHOD DESC="Resume counting" NAME="resume"/>
    <METHOD DESC="Read the timer value in milliseconds" NAME="read">
     <RETURN DESC="Counter value" DEFAULT="count" TYPE="INTEGER" NAME="state"/>
    </METHOD>
    <INTERRUPT DESC="Timer Match" HOOK="attachInterrupt" PERIODIC="1"/>
   </DRIVER>
  </PERIPHERAL>
  <PERIPHERAL DESC="I2C Port" VALID="1" ENABLED="0" BUILTIN="1" TYPE="I2C" ID="{d4d95297-5680-40d9-b79d-1fd01a78a6fc}" NAME="i2c" FILE="Raspberry Pi 3" EID="00000001" OPTIONAL="1">
   <INTERFACE EXTERNAL="I2C" OBJECT="I2c"/>
   <DRIVER HEADER="Ports">
    <!-- Port 0 = pins 27,28. Port 1 = Pins 3,5 -->
    <METHOD DESC="Send 8 bit data" NAME="transmit">
     <PARAMETER DESC="I2C address" TYPE="INTEGER" NAME="Address"/>
     <PARAMETER DESC="Command to send" TYPE="INTEGER" NAME="Command"/>
     <PARAMETER DESC="Data to transmit" TYPE="LIST"/>
    </METHOD>
    <METHOD DESC="Send 8 bit data" NAME="receive">
     <PARAMETER DESC="I2C address" TYPE="INTEGER" NAME="Address"/>
     <PARAMETER DESC="Command to send" TYPE="INTEGER" NAME="Comand"/>
     <PARAMETER BYREF="1" TYPE="LIST" NAME="Data"/>
    </METHOD>
   </DRIVER>
  </PERIPHERAL>
  <PERIPHERAL DESC="SPI Port" VALID="1" ENABLED="0" BUILTIN="1" TYPE="SPI" ID="{731128e2-bc56-4052-bd26-3b2405f93540}" NAME="spi" FILE="Raspberry Pi 3" EID="00000001" OPTIONAL="1">
   <INTERFACE EXTERNAL="SPI" OBJECT="SPI"/>
   <DRIVER HEADER="Ports">
    <!-- SPI Driver -->
    <ENUMERATION NAME="CLOCK">
     <CONSTANT NAME="CLOCK1MHZ" VALUE="1000000L"/>
     <CONSTANT NAME="CLOCK4MHZ" VALUE="4000000L"/>
     <CONSTANT NAME="CLOCK8MHZ" VALUE="8000000L"/>
    </ENUMERATION>
    <METHOD DESC="Configure the SPI Hardware" NAME="setup">
     <PARAMETER DESC="SPI Clock Speed" DEFAULT="7629" TYPE="INTEGER" NAME="clock"/>
     <PARAMETER DESC="Set the device to talk to." DEFAULT="0" TYPE="INTEGER" NAME="device"/>
    </METHOD>
    <METHOD DESC="Send and receive data" NAME="transfer">
     <PARAMETER DESC="List of variables to send and receive" BYREF="1" TYPE="LIST"/>
    </METHOD>
    <METHOD DESC="Send command data, received data is ignored" NAME="send">
     <PARAMETER DESC="Data to transmit" TYPE="LIST"/>
    </METHOD>
    <METHOD DESC="Ignore send command data, Receive data" NAME="receive">
     <PARAMETER DESC="Length of data to receive" TYPE="INTEGER" NAME="length"/>
     <RETURN DESC="Data to receive" TYPE="LIST" NAME="data"/>
    </METHOD>
   </DRIVER>
  </PERIPHERAL>
  <PERIPHERAL DESC="UART Port" VALID="1" ENABLED="0" BUILTIN="1" TYPE="UART" ID="{0f01e496-07e6-4a3f-b87d-0cd3d92a5f2f}" NAME="uart" FILE="Raspberry Pi 3" EID="00000001" OPTIONAL="1">
   <INTERFACE EXTERNAL="UART" OBJECT="UART"/>
   <DRIVER HEADER="Ports">
    <ENUMERATION NAME="BASE">
     <CONSTANT NAME="DECIMAL" VALUE="10"/>
     <CONSTANT NAME="BINARY" VALUE="2"/>
     <CONSTANT NAME="OCTAL" VALUE="8"/>
     <CONSTANT NAME="HEX" VALUE="16"/>
    </ENUMERATION>
    <METHOD DESC="Sets up the UART" NAME="setup">
     <PARAMETER DESC="UART speed" TYPE="INTEGER" NAME="speed"/>
    </METHOD>
    <METHOD DESC="Input String" NAME="input">
     <PARAMETER DESC="Enable Echo" DEFAULT="TRUE" TYPE="BOOLEAN" NAME="Echo"/>
     <RETURN DEFAULT="input" TYPE="STRING" NAME="Data"/>
    </METHOD>
    <METHOD DESC="Prints data along UART" NAME="print">
     <PARAMETER DESC="String to print" TYPE="LIST"/>
    </METHOD>
    <METHOD DESC="Prints data along UART" NAME="println">
     <PARAMETER DESC="String to print" TYPE="LIST"/>
    </METHOD>
    <METHOD DESC="Send a single character" NAME="send">
     <PARAMETER DESC="Character to send" TYPE="STRING" NAME="Data"/>
    </METHOD>
    <METHOD DESC="Receive a single character" NAME="recv">
     <RETURN TYPE="STRING" NAME="Data"/>
    </METHOD>
    <METHOD DESC="Set the base to use for integer values." NAME="setBase">
     <PARAMETER DESC="Number base" TYPE="BASE" NAME="base"/>
    </METHOD>
    <METHOD DESC="Set the number of places to use for floating point values." NAME="setPlaces">
     <PARAMETER DESC="Number of decimal places" DEFAULT="2" TYPE="INTEGER" NAME="places"/>
    </METHOD>
   </DRIVER>
  </PERIPHERAL>
  <PERIPHERAL DESC="Twitter Bot" VALID="1" ENABLED="0" BUILTIN="1" TYPE="TWITTER" ID="{35db577c-6db2-493f-bc0f-c85e8db3e705}" NAME="twitter" FILE="Raspberry Pi 3" EID="00000001" OPTIONAL="1">
   <INTERFACE EXTERNAL="TWITTER" OBJECT="Twitter"/>
   <DRIVER HEADER="InternetCommunication">
    <METHOD DESC="SetUp the Twitter Bot" NAME="setup">
     <PARAMETER DESC="Consumer API key" TYPE="STRING" NAME="CustomerKey"/>
     <PARAMETER DESC="Consumer API secret key" TYPE="STRING" NAME="CustomerSecret"/>
     <PARAMETER DESC="Access token" TYPE="STRING" NAME="Token"/>
     <PARAMETER DESC="Access token secret" TYPE="STRING" NAME="SecretToken"/>
    </METHOD>
    <METHOD DESC="Simple Text Tweet" NAME="tweet">
     <PARAMETER DESC="Message to Tweet" TYPE="STRING" NAME="Message"/>
    </METHOD>
    <METHOD DESC="Tweeting Image and Text" NAME="tweetImage">
     <PARAMETER DESC="Message to Tweet" TYPE="STRING" NAME="Message"/>
     <PARAMETER DESC="Image to Tweet" TYPE="STRING" NAME="Image"/>
    </METHOD>
    <METHOD DESC="Tweeting Video and Text" NAME="tweetVideo">
     <PARAMETER DESC="Message to Tweet" TYPE="STRING" NAME="Message"/>
     <PARAMETER DESC="Video to Tweet" TYPE="STRING" NAME="Video"/>
    </METHOD>
    <METHOD DESC="Look for Tweet" NAME="searchFor">
     <PARAMETER DESC="Message to look for" TYPE="STRING" NAME="Query"/>
     <RETURN DEFAULT="FullMessage" TYPE="STRING" NAME="Message"/>
     <RETURN DEFAULT="UserName" TYPE="STRING" NAME="User"/>
     <RETURN DEFAULT="TweetTime" TYPE="TIME" NAME="Date"/>
    </METHOD>
    <METHOD DESC="Look for Tweet with image" NAME="searchImage">
     <PARAMETER DESC="Message to look for" TYPE="STRING" NAME="Query"/>
     <PARAMETER DESC="Name to allocate image" TYPE="STRING" NAME="FileName"/>
     <RETURN DEFAULT="FullMessage" TYPE="STRING" NAME="Message"/>
     <RETURN DEFAULT="UserName" TYPE="STRING" NAME="User"/>
     <RETURN DEFAULT="TweetTime" TYPE="TIME" NAME="Date"/>
     <RETURN DEFAULT="ImageReceived" TYPE="STRING" NAME="ImageName"/>
    </METHOD>
   </DRIVER>
  </PERIPHERAL>
  <PERIPHERAL DESC="SMT Email" VALID="1" ENABLED="0" BUILTIN="1" TYPE="EMAIL" ID="{d541222c-79ad-4654-b4ed-b2f581d457b3}" NAME="email" FILE="Raspberry Pi 3" EID="00000001" OPTIONAL="1">
   <INTERFACE EXTERNAL="EMAIL" OBJECT="Email"/>
   <DRIVER HEADER="InternetCommunication">
    <METHOD DESC="Log in for email" NAME="emailLogIn">
     <PARAMETER DESC="you@gmail.com        Email Address sending from" TYPE="STRING" NAME="Email"/>
     <PARAMETER DESC="Password123          Password to email account" TYPE="STRING" NAME="Password"/>
     <PARAMETER DESC="smtp.gmail.com:465   Email server" TYPE="STRING" NAME="Server"/>
    </METHOD>
    <METHOD DESC="Send 8 bit data" NAME="emailStructure">
     <PARAMETER DESC="Email Subject" TYPE="STRING" NAME="Subject"/>
     <PARAMETER DESC="Content to put into email" TYPE="STRING" NAME="EmailContent"/>
     <PARAMETER DESC="Recipients email address" TYPE="LIST" NAME="RecipientEmail"/>
    </METHOD>
    <METHOD DESC="Send 8 bit data" NAME="emailAttachment">
     <PARAMETER DESC="Files to attach" TYPE="LIST" NAME="FileName"/>
    </METHOD>
    <METHOD DESC="Creates and sends the email" NAME="sendEmail"/>
   </DRIVER>
  </PERIPHERAL>
  <PERIPHERAL DESC="IOT MQTT" VALID="1" ENABLED="0" BUILTIN="1" TYPE="MQTT" ID="{70bec8d5-e059-4c4e-86ec-3fd88805cb42}" NAME="mqtt" FILE="Raspberry Pi 3" EID="00000001" OPTIONAL="1">
   <INTERFACE EXTERNAL="MQTT" OBJECT="MQTT">
    <CONFIG>
     <SETUP NAME="begin">
      <PROPERTY DESC="Unique Identifier for this MQTT Client" ELEMENT="U1" DEFAULT="Raspberry Pi 3" TYPE="STRING" ALIAS="clientID" NAME="MQTT_CLIENTID" EID="00000001" VALUE="Raspberry Pi 3"/>
      <PROPERTY DESC="IP address or DNS name of MQTT broker" ELEMENT="U1" DEFAULT="localhost" TYPE="STRING" ALIAS="server" NAME="MQTT_SERVER" EID="00000001" VALUE="localhost"/>
      <PROPERTY DESC="IP port of MQTT broker" ELEMENT="U1" DEFAULT="1883" TYPE="INTEGER" ALIAS="port" NAME="MQTT_PORT" EID="00000001" VALUE="1883"/>
      <PROPERTY DESC="Username for connect (optional)" ELEMENT="U1" TYPE="STRING" ALIAS="user" NAME="MQTT_USER" EID="00000001"/>
      <PROPERTY DESC="Password for connect (optional)" ELEMENT="U1" TYPE="STRING" ALIAS="password" NAME="MQTT_PASS" EID="00000001"/>
     </SETUP>
    </CONFIG>
   </INTERFACE>
   <DRIVER HEADER="MQTT">
    <ENUMERATION NAME="QOS">
     <CONSTANT NAME="Level_0" VALUE="0"/>
     <CONSTANT NAME="Level_1" VALUE="1"/>
     <CONSTANT NAME="Level_2" VALUE="2"/>
    </ENUMERATION>
    <INTERRUPT DESC="Connect Callback" HOOK="attachConnectHandler" NAME="onConnect"/>
    <INTERRUPT DESC="Message Callback" HOOK="attachMessageHandler" NAME="onMessage"/>
    <FUNCTION DESC="Return true if topic is the same as the callback">
     <PARAMETER DESC="Topic to check" TYPE="STRING" NAME="Topic"/>
     <RETURN TYPE="BOOLEAN"/>
    </FUNCTION>
    <METHOD DESC="Changes the name of the client" NAME="setClientId">
     <PARAMETER DESC="The new client Identifier" TYPE="STRING" NAME="clientId"/>
    </METHOD>
    <METHOD DESC="Add a message to for the client in the event of disconnection" NAME="setWillMessage">
     <PARAMETER DESC="Topic the will will be sent to" TYPE="STRING" NAME="topic"/>
     <PARAMETER DESC="QoS level of the will" DEFAULT="Level_0" TYPE="QOS" NAME="QoS"/>
     <PARAMETER DESC="If the will is remembered by the broker" DEFAULT="FALSE" TYPE="BOOLEAN" NAME="retain"/>
     <PARAMETER DESC="Message in the will" TYPE="LIST" NAME="will"/>
    </METHOD>
    <METHOD DESC="Add the MQTT broker and port connection details" NAME="connect">
     <PARAMETER DESC="Receave old messages" DEFAULT="TRUE" TYPE="BOOLEAN" NAME="cleanSession"/>
    </METHOD>
    <METHOD DESC="Subscribe to Topic" NAME="subscribe">
     <PARAMETER DESC="Topic you with to subscribe to" TYPE="STRING" NAME="topic"/>
     <PARAMETER DESC="QoS level within topic" DEFAULT="Level_0" TYPE="QOS" NAME="QoS"/>
    </METHOD>
    <METHOD DESC="Return Message" NAME="readMessage">
     <RETURN DESC="Last Message Receaved" DEFAULT="Message" TYPE="STRING" NAME="lastMessage"/>
    </METHOD>
    <METHOD DESC="Read the mqtt message list" NAME="readList">
     <PARAMETER DESC="List of variables to read." BYREF="1" TYPE="LIST"/>
    </METHOD>
    <METHOD DESC="Return Message" NAME="readTopic">
     <RETURN DESC="Last Topic Read" DEFAULT="Topic" TYPE="STRING" NAME="lastMessageTopic"/>
    </METHOD>
    <METHOD DESC="Send message to Broker" NAME="publish">
     <PARAMETER DESC="Topic to send too" TYPE="STRING" NAME="topic"/>
     <PARAMETER DESC="Quality of Service level" DEFAULT="Level_0" TYPE="QOS" NAME="QoS"/>
     <PARAMETER DESC="Save in broker, and resend every time" DEFAULT="FALSE" TYPE="BOOLEAN" NAME="retain"/>
     <PARAMETER DESC="List of values to send" TYPE="LIST" NAME="message"/>
    </METHOD>
    <METHOD DESC="Unsubscribe from Topic" NAME="unsubscribe">
     <PARAMETER TYPE="STRING" NAME="topic"/>
    </METHOD>
    <METHOD DESC="Disconnect from MQTT broker" NAME="disconnect"/>
   </DRIVER>
  </PERIPHERAL>
  <PERIPHERAL DESC="Raspberry Pi Camera Module" VALID="1" ENABLED="1" BUILTIN="0" TYPE="CAMERA" ID="{0466db00-59bd-4d2f-9492-ca996fad2056}" NAME="CAM1" FILE="RaspberryPi Camera Module" EID="00000002" OPTIONAL="0">
   <INTERFACE OBJECT="RPiCamera"/>
   <DRIVER HEADER="camera">
    <!-- Methods for Camera Wrapper -->
    <METHOD DESC="Set the file stem used for image name generation" NAME="setFilestem">
     <PARAMETER DESC="Filestem of image set" DEFAULT="&quot;image&quot;" TYPE="STRING" NAME="filestem"/>
    </METHOD>
    <METHOD DESC="Set the image size" NAME="setResolution">
     <PARAMETER DESC="Image Width" DEFAULT="640" TYPE="INTEGER" NAME="width"/>
     <PARAMETER DESC="Image Height" DEFAULT="480" TYPE="INTEGER" NAME="height"/>
    </METHOD>
    <METHOD DESC="Set the image size" NAME="setRotation">
     <PARAMETER DESC="Rotation of camera" DEFAULT="180" TYPE="INTEGER" NAME="Angle"/>
    </METHOD>
    <METHOD DESC="Reset the image counter" NAME="reset"/>
    <METHOD DESC="Capture a still image" NAME="capture">
     <PARAMETER DESC="Image Quality" DEFAULT="25" TYPE="INTEGER" NAME="quality"/>
    </METHOD>
    <METHOD DESC="Capture a still image" NAME="nameCapture">
     <PARAMETER DESC="Name of image" DEFAULT="&quot;image&quot;" TYPE="STRING" NAME="imageName"/>
     <PARAMETER DESC="Image Quality" DEFAULT="25" TYPE="INTEGER" NAME="quality"/>
    </METHOD>
    <METHOD DESC="Return the filename of the n'th image" NAME="getImage">
     <PARAMETER DESC="Image Number" DEFAULT="0" TYPE="INTEGER" NAME="count"/>
     <RETURN DESC="Image filename" DEFAULT="image" TYPE="STRING" NAME="image"/>
    </METHOD>
    <METHOD DESC="Return the filename of the last image taken" NAME="getLastImage">
     <RETURN DESC="Image filename" DEFAULT="image" TYPE="STRING" NAME="image"/>
    </METHOD>
    <METHOD DESC="Return the number of images captured so far" NAME="getImageCount">
     <RETURN DESC="Image count" DEFAULT="count" TYPE="INTEGER" NAME="count"/>
    </METHOD>
    <METHOD DESC="Convert captured images to MP4 video" NAME="makeVideo">
     <PARAMETER DESC="Video framerate (Hz)" DEFAULT="25" TYPE="INTEGER" NAME="framerate"/>
    </METHOD>
    <!--
         <METHOD NAME="startRecording" DESC="Start recording video">
            <PARAMETER NAME="filename" TYPE="STRING" DESC="Filename for video (MP4)/>
         </METHOD>
         <METHOD NAME="stopRecording" DESC="Stop recording video"/>
         -->
   </DRIVER>
  </PERIPHERAL>
  <PERIPHERAL DESC="TFT Display" VALID="1" ENABLED="1" BUILTIN="0" TYPE="TFT LCD" ID="{bc6e0e42-ae0d-49db-bc5e-b3f31f964760}" NAME="LCD1" FILE="RaspberryPi RGB TFT Display" EID="00000005" OPTIONAL="0">
   <INTERFACE OBJECT="TFTDisplay">
    <PIN TYPE="DIGITAL" NAME="IO">
     <TERMINAL ELEMENT="GPIO18" UID="00000003" EID="00000003"/>
    </PIN>
    <PIN TYPE="DIGITAL" NAME="IO">
     <TERMINAL ELEMENT="GPIO23" UID="00000004" EID="00000004"/>
    </PIN>
   </INTERFACE>
   <DRIVER HEADER="Displays">
    <!-- Methods for TFT Display -->
    <!-- Image Methods -->
    <METHOD DESC="Turn the RGB Leds on or off." NAME="loadImage">
     <PARAMETER DESC="Pictures Path" TYPE="STRING" NAME="Image"/>
     <PARAMETER DESC="Rotation Angle" DEFAULT="90" TYPE="INTEGER" NAME="Angle"/>
    </METHOD>
    <!-- Drawing Methods -->
    <METHOD DESC="Sets outline colour." NAME="setOutline">
     <PARAMETER DESC="Amount of Red 0-255" DEFAULT="255" TYPE="INTEGER" NAME="Red"/>
     <PARAMETER DESC="Amount of Green 0-255" DEFAULT="255" TYPE="INTEGER" NAME="Green"/>
     <PARAMETER DESC="Amount of Blue 0-255" DEFAULT="255" TYPE="INTEGER" NAME="Blue"/>
    </METHOD>
    <METHOD DESC="Sets Fill colour." NAME="setFill">
     <PARAMETER DESC="Amount of Red 0-255" DEFAULT="255" TYPE="INTEGER" NAME="Red"/>
     <PARAMETER DESC="Amount of Green 0-255" DEFAULT="255" TYPE="INTEGER" NAME="Green"/>
     <PARAMETER DESC="Amount of Blue 0-255" DEFAULT="255" TYPE="INTEGER" NAME="Blue"/>
    </METHOD>
    <METHOD DESC="Fills screen with fill colour." NAME="fillScreen"/>
    <METHOD DESC="Draws a circle with specified location and size." NAME="drawCircle">
     <PARAMETER DESC="X Co-orderedlist 0-240" DEFAULT="120" TYPE="INTEGER" NAME="X"/>
     <PARAMETER DESC="Y Co-orderedlist 0-320" DEFAULT="160" TYPE="INTEGER" NAME="Y"/>
     <PARAMETER DESC="Height 0-240" DEFAULT="25" TYPE="INTEGER" NAME="Radius"/>
    </METHOD>
    <METHOD DESC="Draws a ellipses with specified location and size." NAME="drawEllipses">
     <PARAMETER DESC="X Co-orderedlist 0-240" DEFAULT="120" TYPE="INTEGER" NAME="X"/>
     <PARAMETER DESC="Y Co-orderedlist 0-320" DEFAULT="160" TYPE="INTEGER" NAME="Y"/>
     <PARAMETER DESC="Height 0-240" DEFAULT="50" TYPE="INTEGER" NAME="xRadius"/>
     <PARAMETER DESC="Width 0-320" DEFAULT="50" TYPE="INTEGER" NAME="yRadius"/>
    </METHOD>
    <METHOD DESC="Draws a rectangle with specified location and size." NAME="drawRectangle">
     <PARAMETER DESC="X Co-orderedlist 0-240" DEFAULT="120" TYPE="INTEGER" NAME="X1"/>
     <PARAMETER DESC="Y Co-orderedlist 0-320" DEFAULT="160" TYPE="INTEGER" NAME="Y1"/>
     <PARAMETER DESC="Height 0-240" DEFAULT="50" TYPE="INTEGER" NAME="Height"/>
     <PARAMETER DESC="Width 0-320" DEFAULT="50" TYPE="INTEGER" NAME="Width"/>
    </METHOD>
    <METHOD DESC="Draws a line between two points in outline colour." NAME="drawLine">
     <PARAMETER DESC="X Co-orderedlist 0-240" DEFAULT="10" TYPE="INTEGER" NAME="X1"/>
     <PARAMETER DESC="Y Co-orderedlist 0-320" DEFAULT="10" TYPE="INTEGER" NAME="Y1"/>
     <PARAMETER DESC="X Co-orderedlist 0-240" DEFAULT="10" TYPE="INTEGER" NAME="X2"/>
     <PARAMETER DESC="Y Co-orderedlist 0-320" DEFAULT="10" TYPE="INTEGER" NAME="Y2"/>
    </METHOD>
    <METHOD DESC="Starts a new polygon." NAME="newPolygon">
     <PARAMETER DESC="X Co-orderedlist 0-240" DEFAULT="10" TYPE="INTEGER" NAME="X"/>
     <PARAMETER DESC="Y Co-orderedlist 0-320" DEFAULT="10" TYPE="INTEGER" NAME="Y"/>
    </METHOD>
    <METHOD DESC="Adds a point to the polygon." NAME="addPolygonPoint">
     <PARAMETER DESC="X Co-orderedlist 0-240" DEFAULT="10" TYPE="INTEGER" NAME="X"/>
     <PARAMETER DESC="Y Co-orderedlist 0-320" DEFAULT="10" TYPE="INTEGER" NAME="Y"/>
    </METHOD>
    <METHOD DESC="Draws the Polygon." NAME="drawPolygon"/>
    <ENUMERATION NAME="FONT">
     <CONSTANT NAME="Serif" VALUE="0"/>
     <CONSTANT NAME="Sans" VALUE="1"/>
     <CONSTANT NAME="Mono" VALUE="2"/>
    </ENUMERATION>
    <METHOD DESC="Text properties." NAME="setTextFont">
     <PARAMETER DESC="Size of text." DEFAULT="12" TYPE="INTEGER" NAME="TestSize"/>
     <PARAMETER DESC="Font text is displated as." DEFAULT="Serif" TYPE="FONT" NAME="TextFont"/>
    </METHOD>
    <METHOD DESC="Text properties." NAME="customTextFont">
     <PARAMETER DESC="Size of text." DEFAULT="12" TYPE="INTEGER" NAME="TestSize"/>
     <PARAMETER DESC="Font text is displated as." DEFAULT="DejaVuSans.ttf" TYPE="STRING" NAME="TextFont"/>
    </METHOD>
    <METHOD DESC="Creates some text." NAME="drawText">
     <PARAMETER DESC="Text drawn" TYPE="String" NAME="Text"/>
     <PARAMETER DESC="X Co-orderedlist 0-240" DEFAULT="10" TYPE="INTEGER" NAME="X"/>
     <PARAMETER DESC="Y Co-orderedlist 0-320" DEFAULT="10" TYPE="INTEGER" NAME="Y"/>
     <PARAMETER DESC="Angle of text" DEFAULT="0" TYPE="INTEGER" NAME="Angle"/>
    </METHOD>
    <METHOD DESC="Clear the display." NAME="clear"/>
   </DRIVER>
  </PERIPHERAL>
  <PERIPHERAL DESC="Momentary Action Push Button" VALID="1" ENABLED="1" BUILTIN="0" TYPE="RPi Button" ID="{0ca83ba5-742a-46e9-99ec-c44a6722cbdc}" NAME="BTN1" FILE="RaspberryPi Button Breakout Board" EID="00000008" OPTIONAL="0">
   <INTERFACE OBJECT="Button">
    <PIN TYPE="DIGITAL" NAME="IO">
     <TERMINAL ELEMENT="GPIO4" UID="00000006" EID="00000006"/>
    </PIN>
   </INTERFACE>
   <DRIVER HEADER="Generic">
    <FUNCTION DESC="Button State">
     <RETURN TYPE="BOOLEAN"/>
    </FUNCTION>
   </DRIVER>
  </PERIPHERAL>
 </HARDWARE>
 <CONTROLS>
  <PANEL NAME="panel"/>
  <CONTROL VALID="1" ENABLED="1" TYPE="Photo" ID="{db1a129b-272d-40ef-a02e-b69c1233a6d7}" NAME="IotPhoto1" FILE="C:/Program Files (x86)/Labcenter Electronics/Proteus 8 Professional/DATA/VSM Studio/controls/Photo/Photo.svg" EID="00000000" OPTIONAL="0">
   <INTERFACE OBJECT="Photo">
    <PROPERTY TYPE="STRING" NAME="id" VALUE="IotPhoto1"/>
    <CONFIG>
     <!-- Placeholder for control specific config properties -->
     <PROPERTY DESC="Show controls on video" TYPE="BOOLEAN" NAME="controls" VALUE="0"/>
    </CONFIG>
   </INTERFACE>
   <DRIVER HEADER="Controls">
    <REQUIRE TYPE="VFP" MODULE="SERVER"/>
    <METHOD DESC="Show a specific image file" NAME="showImage">
     <PARAMETER DESC="Image filename" DEFAULT="" TYPE="STRING"/>
    </METHOD>
    <METHOD DESC="Show a specific video file" NAME="showVideo">
     <PARAMETER DESC="Video filename" DEFAULT="" TYPE="STRING"/>
    </METHOD>
    <METHOD DESC="Clear the image" NAME="clear"/>
   </DRIVER>
  </CONTROL>
  <CONTROL VALID="1" ENABLED="1" TYPE="LineEdit" ID="{89c5cee0-1d6a-4d5f-ad7d-45deb41a8977}" NAME="IotInput1" FILE="C:/Program Files (x86)/Labcenter Electronics/Proteus 8 Professional/DATA/VSM Studio/controls/LineEdit/LineEdit.svg" EID="00000000" OPTIONAL="0">
   <INTERFACE OBJECT="LineEdit">
    <PROPERTY TYPE="STRING" NAME="id" VALUE="IotInput1"/>
    <CONFIG>
     <!-- Placeholder for control specific config properties -->
     <PROPERTY DESC="Control is Read Only" TYPE="BOOLEAN" NAME="readOnly" VALUE="0"/>
     <PROPERTY DESC="Placeholder String" TYPE="STRING" NAME="placeHolder" VALUE="Place Holder"/>
     <PROPERTY DESC="Maximum number of characters for text" TYPE="INT" NAME="maxLength" VALUE="255" MIN="1" MAX="255"/>
    </CONFIG>
   </INTERFACE>
   <DRIVER HEADER="Controls">
    <REQUIRE TYPE="VFP" MODULE="SERVER"/>
    <METHOD DESC="Sets the text" NAME="setText">
     <PARAMETER DESC="Text to display" TYPE="STRING" NAME="text"/>
    </METHOD>
    <METHOD DESC="Returns the text" NAME="getText">
     <RETURN TYPE="STRING"/>
    </METHOD>
    <METHOD DESC="Clear all of the text" NAME="clear"/>
    <METHOD DESC="Display an error message" NAME="setError">
     <PARAMETER DESC="Error message to display" TYPE="STRING" NAME="msg"/>
    </METHOD>
    <INTERRUPT DESC="Control Event" HOOK="attachEventHandler"/>
   </DRIVER>
  </CONTROL>
 </CONTROLS>
</PROJECT>
